1024, 0.6, 2, 605.7, 615.9
1024, 0.6, 2, 573.8, 579.1
1024, 0.6, 2, 550.7, 556.3
1024, 0.6, 2, 561.6, 566.2
1024, 0.6, 2, 451.1, 455.6
1024, 0.6, 2, 494.6, 499.6
1024, 0.6, 2, 425.0, 429.6
1024, 0.6, 2, 483.4, 488.2
1024, 0.6, 2, 397.0, 402.1
1024, 0.6, 2, 514.8, 519.6
1024, 0.6, 2, 465.5, 470.7
1024, 0.6, 2, 471.1, 477.2
1024, 0.6, 2, 469.8, 474.9
1024, 0.6, 2, 484.0, 488.6
1024, 0.6, 2, 397.1, 401.7
1024, 0.6, 2, 396.9, 401.9
1024, 0.6, 2, 362.7, 368.8
1024, 0.6, 2, 464.6, 469.6
1024, 0.6, 2, 419.2, 424.8
1024, 0.6, 2, 553.4, 559.1
1024, 0.6, 2, 435.3, 440.9
1024, 0.6, 2, 493.1, 498.2
1024, 0.6, 2, 435.5, 440.3
1024, 0.6, 2, 338.5, 343.7
1024, 0.6, 2, 407.3, 412.1
1024, 0.6, 2, 487.4, 492.3
1024, 0.6, 2, 346.1, 351.0
1024, 0.6, 2, 510.3, 514.6
1024, 0.6, 2, 482.9, 488.0
1024, 0.6, 2, 446.9, 452.1
2048, 0.6, 2, 2193.1, 2205.9
2048, 0.6, 2, 1624.8, 1638.0
2048, 0.6, 2, 1713.3, 1727.2
2048, 0.6, 2, 2099.4, 2113.2
2048, 0.6, 2, 2038.3, 2051.3
2048, 0.6, 2, 2390.5, 2405.0
2048, 0.6, 2, 1925.6, 1938.5
2048, 0.6, 2, 1587.3, 1601.4
2048, 0.6, 2, 1925.0, 1939.3
2048, 0.6, 2, 1891.6, 1906.0
2048, 0.6, 2, 1975.1, 1988.6
2048, 0.6, 2, 2237.4, 2251.2
2048, 0.6, 2, 2137.8, 2151.0
2048, 0.6, 2, 2302.2, 2318.1
2048, 0.6, 2, 1970.4, 1983.5
2048, 0.6, 2, 1834.0, 1849.4
2048, 0.6, 2, 1723.0, 1736.6
2048, 0.6, 2, 2052.6, 2067.7
2048, 0.6, 2, 1544.4, 1557.3
2048, 0.6, 2, 1611.5, 1625.5
2048, 0.6, 2, 1863.5, 1877.4
2048, 0.6, 2, 1739.7, 1757.0
2048, 0.6, 2, 1995.6, 2010.5
2048, 0.6, 2, 2169.5, 2184.8
2048, 0.6, 2, 2125.9, 2141.0
2048, 0.6, 2, 2139.2, 2153.9
2048, 0.6, 2, 2444.0, 2457.8
2048, 0.6, 2, 2142.8, 2157.0
2048, 0.6, 2, 1674.9, 1687.8
2048, 0.6, 2, 1992.2, 2005.5
4096, 0.6, 2, 7747.3, 7779.6
4096, 0.6, 2, 8549.5, 8583.0
4096, 0.6, 2, 6611.3, 6640.4
4096, 0.6, 2, 7425.7, 7456.2
4096, 0.6, 2, 9565.0, 9595.9
4096, 0.6, 2, 8081.6, 8112.0
4096, 0.6, 2, 7944.7, 7979.3
4096, 0.6, 2, 10145.1, 10175.5
4096, 0.6, 2, 7760.9, 7791.0
4096, 0.6, 2, 7720.4, 7752.9
4096, 0.6, 2, 7287.2, 7317.6
4096, 0.6, 2, 7550.7, 7580.9
4096, 0.6, 2, 7633.6, 7663.9
4096, 0.6, 2, 7086.5, 7118.4
4096, 0.6, 2, 9103.0, 9133.3
4096, 0.6, 2, 6844.3, 6880.0
4096, 0.6, 2, 7943.4, 7977.8
4096, 0.6, 2, 9490.0, 9520.9
4096, 0.6, 2, 7309.7, 7356.5
4096, 0.6, 2, 6645.7, 6684.3
4096, 0.6, 2, 7725.6, 7761.0
4096, 0.6, 2, 8175.1, 8207.9
4096, 0.6, 2, 9555.9, 9588.7
4096, 0.6, 2, 8036.8, 8074.8
4096, 0.6, 2, 8734.9, 8768.5
4096, 0.6, 2, 7508.7, 7540.4
4096, 0.6, 2, 8143.5, 8181.4
4096, 0.6, 2, 8185.9, 8226.8
4096, 0.6, 2, 8055.6, 8095.9
4096, 0.6, 2, 7053.5, 7095.9
7680, 0.6, 2, 28055.8, 28185.4
7680, 0.6, 2, 31914.2, 32022.2
7680, 0.6, 2, 28626.1, 28732.0
7680, 0.6, 2, 26008.3, 26120.9
7680, 0.6, 2, 26545.8, 26655.0
7680, 0.6, 2, 23982.1, 24086.1
7680, 0.6, 2, 28307.2, 28399.4
7680, 0.6, 2, 32784.6, 32895.2
7680, 0.6, 2, 25620.6, 25721.7
7680, 0.6, 2, 26818.4, 26921.8
7680, 0.6, 2, 26496.3, 26594.0
7680, 0.6, 2, 29933.8, 30048.4
7680, 0.6, 2, 25926.8, 26049.3
7680, 0.6, 2, 25433.7, 25528.1
7680, 0.6, 2, 23661.2, 23760.4
7680, 0.6, 2, 25974.9, 26070.6
7680, 0.6, 2, 25953.0, 26065.0
7680, 0.6, 2, 26196.1, 26300.8
7680, 0.6, 2, 30219.9, 30327.9
7680, 0.6, 2, 25532.1, 25641.4
7680, 0.6, 2, 25843.2, 25962.5
7680, 0.6, 2, 32908.3, 33015.7
7680, 0.6, 2, 29596.4, 29703.1
7680, 0.6, 2, 25207.3, 25312.0
7680, 0.6, 2, 32528.4, 32633.2
7680, 0.6, 2, 23677.3, 23792.7
7680, 0.6, 2, 22573.6, 22667.4
7680, 0.6, 2, 25960.6, 26079.1
7680, 0.6, 2, 26678.9, 26775.4
7680, 0.6, 2, 27003.7, 27109.9
10240, 0.6, 2, 51525.2, 51691.1
10240, 0.6, 2, 45683.3, 45873.4
10240, 0.6, 2, 47228.7, 47398.3
10240, 0.6, 2, 57727.4, 57908.7
10240, 0.6, 2, 45818.2, 45997.4
10240, 0.6, 2, 40964.2, 41136.0
10240, 0.6, 2, 54721.1, 54890.7
10240, 0.6, 2, 47415.4, 47599.0
10240, 0.6, 2, 48064.1, 48238.4
10240, 0.6, 2, 54994.3, 55182.0
10240, 0.6, 2, 49409.9, 49571.9
10240, 0.6, 2, 44358.1, 44542.8
10240, 0.6, 2, 47483.8, 47648.4
10240, 0.6, 2, 50956.5, 51142.2
10240, 0.6, 2, 50742.4, 50959.1
10240, 0.6, 2, 50648.1, 50829.6
10240, 0.6, 2, 52520.8, 52683.4
10240, 0.6, 2, 44253.9, 44427.2
10240, 0.6, 2, 46872.1, 47039.0
10240, 0.6, 2, 48843.9, 49020.6
10240, 0.6, 2, 45874.8, 46040.5
10240, 0.6, 2, 54561.6, 54722.8
10240, 0.6, 2, 51934.8, 52094.9
10240, 0.6, 2, 55226.1, 55433.7
10240, 0.6, 2, 46555.7, 46725.3
10240, 0.6, 2, 51390.9, 51569.6
10240, 0.6, 2, 50972.4, 51142.3
10240, 0.6, 2, 47583.4, 47751.6
10240, 0.6, 2, 56511.1, 56693.4
10240, 0.6, 2, 46352.2, 46535.4
12800, 0.6, 2, 78180.3, 78436.8
12800, 0.6, 2, 63875.0, 64119.9
12800, 0.6, 2, 71641.1, 71890.1
12800, 0.6, 2, 70641.3, 70891.6
12800, 0.6, 2, 86669.3, 86915.2
12800, 0.6, 2, 75055.2, 75379.4
12800, 0.6, 2, 64697.9, 64956.9
12800, 0.6, 2, 84884.2, 85131.1
12800, 0.6, 2, 69312.1, 69557.9
12800, 0.6, 2, 67003.1, 67251.1
12800, 0.6, 2, 82168.6, 82425.9
12800, 0.6, 2, 72185.8, 72434.1
12800, 0.6, 2, 76830.5, 77075.8
12800, 0.6, 2, 62244.1, 62519.8
12800, 0.6, 2, 83236.6, 83503.8
12800, 0.6, 2, 63054.4, 63332.8
12800, 0.6, 2, 82741.6, 82994.4
12800, 0.6, 2, 88174.5, 88425.8
12800, 0.6, 2, 93028.6, 93277.9
12800, 0.6, 2, 70705.8, 70978.7
12800, 0.6, 2, 76565.8, 76840.2
12800, 0.6, 2, 66190.4, 66436.3
12800, 0.6, 2, 76199.9, 76454.4
12800, 0.6, 2, 81166.3, 81417.3
12800, 0.6, 2, 82686.7, 82962.2
12800, 0.6, 2, 69374.9, 69648.5
12800, 0.6, 2, 73190.1, 73449.0
12800, 0.6, 2, 66915.1, 67171.2
12800, 0.6, 2, 68367.2, 68617.9
12800, 0.6, 2, 72420.0, 72704.6
1024, 0.6, 4, 404.9, 411.2
1024, 0.6, 4, 371.6, 377.2
1024, 0.6, 4, 453.3, 458.7
1024, 0.6, 4, 447.0, 452.1
1024, 0.6, 4, 546.4, 551.8
1024, 0.6, 4, 347.6, 352.8
1024, 0.6, 4, 400.3, 406.2
1024, 0.6, 4, 346.2, 351.7
1024, 0.6, 4, 406.3, 412.0
1024, 0.6, 4, 501.9, 507.4
1024, 0.6, 4, 501.4, 507.2
1024, 0.6, 4, 604.1, 609.2
1024, 0.6, 4, 393.1, 398.6
1024, 0.6, 4, 348.3, 354.5
1024, 0.6, 4, 476.7, 482.3
1024, 0.6, 4, 403.7, 408.5
1024, 0.6, 4, 520.3, 525.9
1024, 0.6, 4, 391.5, 396.8
1024, 0.6, 4, 359.5, 365.0
1024, 0.6, 4, 452.0, 456.6
1024, 0.6, 4, 352.8, 357.7
1024, 0.6, 4, 512.0, 517.5
1024, 0.6, 4, 340.7, 346.3
1024, 0.6, 4, 410.0, 415.4
1024, 0.6, 4, 586.2, 592.2
1024, 0.6, 4, 344.0, 350.4
1024, 0.6, 4, 333.8, 339.3
1024, 0.6, 4, 466.1, 471.4
1024, 0.6, 4, 387.6, 393.4
1024, 0.6, 4, 476.8, 483.2
2048, 0.6, 4, 1372.2, 1387.8
2048, 0.6, 4, 1904.0, 1919.2
2048, 0.6, 4, 1539.1, 1553.1
2048, 0.6, 4, 1307.4, 1323.5
2048, 0.6, 4, 1855.7, 1869.8
2048, 0.6, 4, 1954.5, 1969.4
2048, 0.6, 4, 1532.6, 1547.1
2048, 0.6, 4, 1807.4, 1823.0
2048, 0.6, 4, 1432.1, 1446.8
2048, 0.6, 4, 1390.8, 1406.9
2048, 0.6, 4, 1641.7, 1656.6
2048, 0.6, 4, 1587.2, 1601.1
2048, 0.6, 4, 1514.3, 1529.3
2048, 0.6, 4, 1514.5, 1529.1
2048, 0.6, 4, 1500.6, 1515.2
2048, 0.6, 4, 1618.5, 1633.9
2048, 0.6, 4, 1353.6, 1368.0
2048, 0.6, 4, 1647.8, 1661.9
2048, 0.6, 4, 1724.3, 1740.0
2048, 0.6, 4, 2203.0, 2219.2
2048, 0.6, 4, 1707.1, 1721.4
2048, 0.6, 4, 1551.6, 1566.1
2048, 0.6, 4, 1312.5, 1327.3
2048, 0.6, 4, 1749.9, 1765.5
2048, 0.6, 4, 1587.9, 1602.4
2048, 0.6, 4, 1601.4, 1622.7
2048, 0.6, 4, 1457.6, 1473.8
2048, 0.6, 4, 1896.6, 1912.8
2048, 0.6, 4, 1449.7, 1464.0
2048, 0.6, 4, 1408.9, 1427.5
4096, 0.6, 4, 7364.3, 7397.7
4096, 0.6, 4, 7767.8, 7799.4
4096, 0.6, 4, 8356.1, 8393.4
4096, 0.6, 4, 6596.8, 6634.6
4096, 0.6, 4, 6819.1, 6853.1
4096, 0.6, 4, 6200.9, 6233.1
4096, 0.6, 4, 8396.5, 8429.1
4096, 0.6, 4, 8913.2, 8943.9
4096, 0.6, 4, 6380.7, 6420.0
4096, 0.6, 4, 8304.1, 8337.5
4096, 0.6, 4, 6739.7, 6772.1
4096, 0.6, 4, 8996.5, 9030.0
4096, 0.6, 4, 8021.5, 8055.2
4096, 0.6, 4, 6488.0, 6521.7
4096, 0.6, 4, 7568.2, 7602.7
4096, 0.6, 4, 6794.2, 6827.6
4096, 0.6, 4, 6887.0, 6921.7
4096, 0.6, 4, 6209.0, 6242.0
4096, 0.6, 4, 7589.7, 7624.0
4096, 0.6, 4, 6790.4, 6821.0
4096, 0.6, 4, 7106.4, 7138.2
4096, 0.6, 4, 5941.1, 5982.5
4096, 0.6, 4, 7429.0, 7462.9
4096, 0.6, 4, 9552.9, 9583.4
4096, 0.6, 4, 6209.6, 6240.1
4096, 0.6, 4, 9046.5, 9082.8
4096, 0.6, 4, 5806.6, 5838.3
4096, 0.6, 4, 6051.8, 6083.9
4096, 0.6, 4, 6259.4, 6293.1
4096, 0.6, 4, 6858.9, 6905.9
7680, 0.6, 4, 25354.9, 25484.0
7680, 0.6, 4, 24065.0, 24162.9
7680, 0.6, 4, 26682.1, 26778.7
7680, 0.6, 4, 22318.8, 22435.7
7680, 0.6, 4, 25371.1, 25481.8
7680, 0.6, 4, 24071.5, 24170.5
7680, 0.6, 4, 21225.7, 21340.5
7680, 0.6, 4, 22702.9, 22816.3
7680, 0.6, 4, 22388.5, 22488.6
7680, 0.6, 4, 26612.7, 26713.0
7680, 0.6, 4, 23807.4, 23906.6
7680, 0.6, 4, 27955.5, 28058.2
7680, 0.6, 4, 34135.0, 34232.1
7680, 0.6, 4, 29239.2, 29350.3
7680, 0.6, 4, 24624.2, 24749.0
7680, 0.6, 4, 22476.7, 22574.3
7680, 0.6, 4, 22331.9, 22441.3
7680, 0.6, 4, 24715.1, 24813.8
7680, 0.6, 4, 26292.8, 26396.8
7680, 0.6, 4, 32808.5, 32915.4
7680, 0.6, 4, 24747.8, 24861.3
7680, 0.6, 4, 26731.3, 26839.8
7680, 0.6, 4, 30663.3, 30770.1
7680, 0.6, 4, 25230.4, 25352.3
7680, 0.6, 4, 25502.0, 25612.9
7680, 0.6, 4, 21396.6, 21495.6
7680, 0.6, 4, 26251.8, 26348.0
7680, 0.6, 4, 30647.1, 30762.0
7680, 0.6, 4, 22133.7, 22252.3
7680, 0.6, 4, 27125.3, 27222.9
10240, 0.6, 4, 44861.8, 45055.2
10240, 0.6, 4, 45900.7, 46070.7
10240, 0.6, 4, 34495.8, 34677.5
10240, 0.6, 4, 37734.1, 37896.2
10240, 0.6, 4, 60679.4, 60853.6
10240, 0.6, 4, 46596.4, 46762.3
10240, 0.6, 4, 36188.0, 36373.4
10240, 0.6, 4, 40841.0, 41007.6
10240, 0.6, 4, 50611.5, 50779.3
10240, 0.6, 4, 36930.3, 37110.9
10240, 0.6, 4, 40164.0, 40325.5
10240, 0.6, 4, 48452.2, 48617.9
10240, 0.6, 4, 51876.2, 52043.8
10240, 0.6, 4, 53763.0, 53934.4
10240, 0.6, 4, 43684.0, 43864.0
10240, 0.6, 4, 38626.6, 38797.3
10240, 0.6, 4, 36637.4, 36808.4
10240, 0.6, 4, 48996.3, 49204.3
10240, 0.6, 4, 39140.3, 39318.9
10240, 0.6, 4, 40894.6, 41081.3
10240, 0.6, 4, 58080.4, 58259.3
10240, 0.6, 4, 38790.1, 38960.6
10240, 0.6, 4, 50902.5, 51071.5
10240, 0.6, 4, 36758.7, 36964.3
10240, 0.6, 4, 45675.2, 45835.1
10240, 0.6, 4, 40271.4, 40456.2
10240, 0.6, 4, 52230.7, 52401.1
10240, 0.6, 4, 48382.2, 48567.8
10240, 0.6, 4, 42390.4, 42552.8
10240, 0.6, 4, 50540.2, 50723.6
12800, 0.6, 4, 73733.9, 74011.3
12800, 0.6, 4, 60560.6, 60809.0
12800, 0.6, 4, 73711.2, 73957.9
12800, 0.6, 4, 60990.3, 61243.5
12800, 0.6, 4, 57485.3, 57740.7
12800, 0.6, 4, 75818.8, 76063.7
12800, 0.6, 4, 69380.6, 69625.8
12800, 0.6, 4, 60890.6, 61161.9
12800, 0.6, 4, 75874.4, 76134.0
12800, 0.6, 4, 70579.2, 70826.8
12800, 0.6, 4, 81239.2, 81488.4
12800, 0.6, 4, 61629.0, 61875.3
12800, 0.6, 4, 85238.5, 85494.4
12800, 0.6, 4, 69584.8, 69837.5
12800, 0.6, 4, 71557.0, 71808.5
12800, 0.6, 4, 68354.9, 68607.4
12800, 0.6, 4, 57713.3, 57957.3
12800, 0.6, 4, 58753.3, 59027.5
12800, 0.6, 4, 62302.6, 62559.8
12800, 0.6, 4, 62583.8, 62858.3
12800, 0.6, 4, 66870.0, 67190.2
12800, 0.6, 4, 71297.5, 71573.1
12800, 0.6, 4, 77277.1, 77551.6
12800, 0.6, 4, 54887.5, 55141.1
12800, 0.6, 4, 60209.3, 60484.8
12800, 0.6, 4, 91300.0, 91555.9
12800, 0.6, 4, 75286.3, 75544.2
12800, 0.6, 4, 70449.8, 70700.1
12800, 0.6, 4, 67697.2, 67969.8
12800, 0.6, 4, 81032.6, 81364.6
1024, 0.6, 8, 439.4, 449.0
1024, 0.6, 8, 511.2, 518.7
1024, 0.6, 8, 351.6, 356.8
1024, 0.6, 8, 453.4, 458.8
1024, 0.6, 8, 379.7, 385.5
1024, 0.6, 8, 286.1, 291.8
1024, 0.6, 8, 345.6, 351.4
1024, 0.6, 8, 448.4, 454.6
1024, 0.6, 8, 394.4, 401.5
1024, 0.6, 8, 403.8, 409.0
1024, 0.6, 8, 496.8, 502.1
1024, 0.6, 8, 321.2, 327.0
1024, 0.6, 8, 447.9, 452.7
1024, 0.6, 8, 286.1, 291.6
1024, 0.6, 8, 374.8, 380.5
1024, 0.6, 8, 314.8, 320.3
1024, 0.6, 8, 370.0, 375.6
1024, 0.6, 8, 466.7, 472.6
1024, 0.6, 8, 283.1, 289.5
1024, 0.6, 8, 300.0, 305.3
1024, 0.6, 8, 489.1, 494.3
1024, 0.6, 8, 341.0, 346.9
1024, 0.6, 8, 338.7, 344.4
1024, 0.6, 8, 350.7, 355.7
1024, 0.6, 8, 414.6, 420.4
1024, 0.6, 8, 430.1, 436.9
1024, 0.6, 8, 354.6, 360.2
1024, 0.6, 8, 494.9, 501.1
1024, 0.6, 8, 434.4, 440.3
1024, 0.6, 8, 347.3, 353.7
2048, 0.6, 8, 1626.5, 1641.5
2048, 0.6, 8, 2209.1, 2225.5
2048, 0.6, 8, 1151.8, 1166.4
2048, 0.6, 8, 1747.2, 1762.0
2048, 0.6, 8, 1616.7, 1630.8
2048, 0.6, 8, 2080.2, 2094.3
2048, 0.6, 8, 1455.8, 1471.5
2048, 0.6, 8, 1166.1, 1181.0
2048, 0.6, 8, 1554.7, 1570.2
2048, 0.6, 8, 1183.7, 1199.5
2048, 0.6, 8, 1053.9, 1068.8
2048, 0.6, 8, 1882.8, 1897.9
2048, 0.6, 8, 1225.9, 1242.1
2048, 0.6, 8, 1486.2, 1500.4
2048, 0.6, 8, 1292.0, 1307.9
2048, 0.6, 8, 1549.9, 1565.9
2048, 0.6, 8, 1640.0, 1655.4
2048, 0.6, 8, 1164.3, 1179.1
2048, 0.6, 8, 1609.3, 1625.6
2048, 0.6, 8, 1303.0, 1317.8
2048, 0.6, 8, 1404.7, 1419.9
2048, 0.6, 8, 1143.7, 1157.6
2048, 0.6, 8, 1602.5, 1616.5
2048, 0.6, 8, 1793.9, 1808.1
2048, 0.6, 8, 1680.9, 1696.1
2048, 0.6, 8, 1617.3, 1632.4
2048, 0.6, 8, 1295.9, 1311.5
2048, 0.6, 8, 1337.4, 1351.8
2048, 0.6, 8, 1654.4, 1670.0
2048, 0.6, 8, 1957.4, 1972.1
4096, 0.6, 8, 8320.3, 8352.2
4096, 0.6, 8, 6669.1, 6703.4
4096, 0.6, 8, 6567.3, 6600.1
4096, 0.6, 8, 6869.9, 6900.2
4096, 0.6, 8, 6521.6, 6552.4
4096, 0.6, 8, 5342.7, 5376.0
4096, 0.6, 8, 4858.4, 4891.0
4096, 0.6, 8, 5041.5, 5072.6
4096, 0.6, 8, 6188.6, 6230.3
4096, 0.6, 8, 6072.5, 6105.2
4096, 0.6, 8, 8412.6, 8447.8
4096, 0.6, 8, 4904.4, 4934.2
4096, 0.6, 8, 8522.6, 8553.1
4096, 0.6, 8, 7295.5, 7326.0
4096, 0.6, 8, 7162.3, 7197.3
4096, 0.6, 8, 6034.8, 6066.0
4096, 0.6, 8, 7271.6, 7306.6
4096, 0.6, 8, 8377.0, 8412.0
4096, 0.6, 8, 4923.5, 4957.6
4096, 0.6, 8, 6880.9, 6915.5
4096, 0.6, 8, 5543.7, 5576.8
4096, 0.6, 8, 7326.0, 7355.0
4096, 0.6, 8, 5248.8, 5281.6
4096, 0.6, 8, 4838.6, 4873.8
4096, 0.6, 8, 4614.5, 4648.8
4096, 0.6, 8, 7324.7, 7353.6
4096, 0.6, 8, 6649.6, 6687.1
4096, 0.6, 8, 8246.4, 8282.1
4096, 0.6, 8, 6343.3, 6376.8
4096, 0.6, 8, 6593.0, 6626.2
7680, 0.6, 8, 29963.5, 30064.5
7680, 0.6, 8, 19359.3, 19471.1
7680, 0.6, 8, 20500.9, 20606.9
7680, 0.6, 8, 17626.3, 17738.2
7680, 0.6, 8, 20951.9, 21051.5
7680, 0.6, 8, 20987.7, 21088.3
7680, 0.6, 8, 24554.9, 24664.5
7680, 0.6, 8, 17599.7, 17717.6
7680, 0.6, 8, 18583.5, 18692.7
7680, 0.6, 8, 19920.5, 20022.9
7680, 0.6, 8, 24159.2, 24264.7
7680, 0.6, 8, 26792.4, 26900.4
7680, 0.6, 8, 22828.9, 22930.6
7680, 0.6, 8, 22882.3, 22984.0
7680, 0.6, 8, 22147.8, 22261.7
7680, 0.6, 8, 21685.7, 21786.8
7680, 0.6, 8, 24280.6, 24401.5
7680, 0.6, 8, 19262.8, 19362.0
7680, 0.6, 8, 20062.6, 20165.7
7680, 0.6, 8, 18034.0, 18132.6
7680, 0.6, 8, 18527.1, 18630.3
7680, 0.6, 8, 29126.5, 29233.6
7680, 0.6, 8, 26573.9, 26693.9
7680, 0.6, 8, 22171.3, 22285.5
7680, 0.6, 8, 21219.6, 21330.5
7680, 0.6, 8, 18745.3, 18866.4
7680, 0.6, 8, 21838.8, 21947.7
7680, 0.6, 8, 21368.3, 21463.0
7680, 0.6, 8, 22004.3, 22116.8
7680, 0.6, 8, 25385.6, 25495.1
10240, 0.6, 8, 30409.0, 30579.0
10240, 0.6, 8, 35505.7, 35700.9
10240, 0.6, 8, 36112.2, 36303.4
10240, 0.6, 8, 35911.7, 36079.6
10240, 0.6, 8, 43019.2, 43202.3
10240, 0.6, 8, 34177.4, 34350.4
10240, 0.6, 8, 29658.8, 29846.7
10240, 0.6, 8, 44630.3, 44816.6
10240, 0.6, 8, 41785.9, 41977.8
10240, 0.6, 8, 32952.7, 33164.7
10240, 0.6, 8, 53052.4, 53272.3
10240, 0.6, 8, 30446.2, 30656.7
10240, 0.6, 8, 40295.6, 40479.7
10240, 0.6, 8, 38475.8, 38641.8
10240, 0.6, 8, 41436.4, 41624.8
10240, 0.6, 8, 35500.2, 35675.1
10240, 0.6, 8, 31035.4, 31208.5
10240, 0.6, 8, 37990.7, 38176.1
10240, 0.6, 8, 43669.6, 43838.0
10240, 0.6, 8, 37266.5, 37459.6
10240, 0.6, 8, 45210.1, 45376.0
10240, 0.6, 8, 44739.6, 44969.3
10240, 0.6, 8, 47255.9, 47429.0
10240, 0.6, 8, 34250.5, 34424.2
10240, 0.6, 8, 40703.7, 40894.4
10240, 0.6, 8, 46563.5, 46755.7
10240, 0.6, 8, 33206.8, 33382.7
10240, 0.6, 8, 31414.6, 31594.4
10240, 0.6, 8, 33020.7, 33211.1
10240, 0.6, 8, 41064.2, 41239.0
12800, 0.6, 8, 57758.7, 58041.2
12800, 0.6, 8, 52716.6, 52997.4
12800, 0.6, 8, 60088.0, 60347.6
12800, 0.6, 8, 65497.5, 65795.9
12800, 0.6, 8, 52546.2, 52813.9
12800, 0.6, 8, 55820.2, 56151.4
12800, 0.6, 8, 55710.7, 56007.7
12800, 0.6, 8, 47451.6, 47730.3
12800, 0.6, 8, 61469.2, 61716.0
12800, 0.6, 8, 59686.4, 59982.0
12800, 0.6, 8, 64026.2, 64322.4
12800, 0.6, 8, 63529.4, 63850.1
12800, 0.6, 8, 51727.1, 52022.2
12800, 0.6, 8, 60485.5, 60819.3
12800, 0.6, 8, 64210.7, 64539.8
12800, 0.6, 8, 86632.9, 86944.9
12800, 0.6, 8, 53237.8, 53558.2
12800, 0.6, 8, 77796.4, 78093.5
12800, 0.6, 8, 59630.4, 59888.6
12800, 0.6, 8, 68313.6, 68608.0
12800, 0.6, 8, 77639.7, 77904.9
12800, 0.6, 8, 57317.1, 57611.0
12800, 0.6, 8, 50565.6, 50831.2
12800, 0.6, 8, 78791.2, 79087.7
12800, 0.6, 8, 72890.9, 73147.8
12800, 0.6, 8, 69441.0, 69737.7
12800, 0.6, 8, 61113.0, 61413.7
12800, 0.6, 8, 61720.0, 62017.4
12800, 0.6, 8, 79989.6, 80285.8
12800, 0.6, 8, 72852.8, 73183.4
1024, 0.6, 16, 371.4, 378.4
1024, 0.6, 16, 320.4, 326.6
1024, 0.6, 16, 412.0, 417.3
1024, 0.6, 16, 330.3, 336.5
1024, 0.6, 16, 336.5, 342.1
1024, 0.6, 16, 411.6, 417.5
1024, 0.6, 16, 325.5, 331.3
1024, 0.6, 16, 328.2, 333.4
1024, 0.6, 16, 452.9, 459.0
1024, 0.6, 16, 305.6, 311.3
1024, 0.6, 16, 308.0, 314.4
1024, 0.6, 16, 363.1, 368.7
1024, 0.6, 16, 319.1, 325.0
1024, 0.6, 16, 208.9, 215.0
1024, 0.6, 16, 403.9, 409.6
1024, 0.6, 16, 281.1, 286.2
1024, 0.6, 16, 378.1, 383.0
1024, 0.6, 16, 378.3, 383.4
1024, 0.6, 16, 447.9, 455.0
1024, 0.6, 16, 430.8, 436.8
1024, 0.6, 16, 250.8, 256.8
1024, 0.6, 16, 421.4, 426.7
1024, 0.6, 16, 292.9, 299.0
1024, 0.6, 16, 322.5, 328.7
1024, 0.6, 16, 470.7, 475.9
1024, 0.6, 16, 384.7, 390.8
1024, 0.6, 16, 307.8, 314.1
1024, 0.6, 16, 414.3, 419.8
1024, 0.6, 16, 439.9, 445.2
1024, 0.6, 16, 324.8, 332.2
2048, 0.6, 16, 1862.0, 1877.7
2048, 0.6, 16, 1015.1, 1031.2
2048, 0.6, 16, 1290.2, 1309.8
2048, 0.6, 16, 1395.0, 1410.8
2048, 0.6, 16, 1424.5, 1439.6
2048, 0.6, 16, 1387.8, 1403.8
2048, 0.6, 16, 1032.6, 1047.3
2048, 0.6, 16, 1601.8, 1616.9
2048, 0.6, 16, 1677.5, 1692.8
2048, 0.6, 16, 1281.1, 1296.4
2048, 0.6, 16, 1860.3, 1876.1
2048, 0.6, 16, 1320.3, 1339.1
2048, 0.6, 16, 1307.3, 1325.7
2048, 0.6, 16, 972.1, 987.7
2048, 0.6, 16, 1684.9, 1699.9
2048, 0.6, 16, 1501.6, 1516.6
2048, 0.6, 16, 1730.9, 1746.3
2048, 0.6, 16, 1326.9, 1344.1
2048, 0.6, 16, 1553.1, 1570.0
2048, 0.6, 16, 1649.3, 1664.9
2048, 0.6, 16, 1378.7, 1398.8
2048, 0.6, 16, 1277.6, 1299.2
2048, 0.6, 16, 1628.2, 1642.8
2048, 0.6, 16, 1849.4, 1865.5
2048, 0.6, 16, 1556.0, 1571.7
2048, 0.6, 16, 1567.6, 1583.9
2048, 0.6, 16, 1799.0, 1817.5
2048, 0.6, 16, 1436.0, 1451.4
2048, 0.6, 16, 1652.9, 1669.6
2048, 0.6, 16, 1433.4, 1448.8
4096, 0.6, 16, 5683.1, 5717.7
4096, 0.6, 16, 5093.9, 5140.3
4096, 0.6, 16, 5917.8, 5951.6
4096, 0.6, 16, 8092.5, 8129.2
4096, 0.6, 16, 6474.9, 6508.4
4096, 0.6, 16, 5475.5, 5508.2
4096, 0.6, 16, 7021.8, 7056.7
4096, 0.6, 16, 7022.9, 7059.1
4096, 0.6, 16, 6793.2, 6823.6
4096, 0.6, 16, 7172.9, 7207.6
4096, 0.6, 16, 5986.9, 6020.0
4096, 0.6, 16, 4581.8, 4623.5
4096, 0.6, 16, 6149.9, 6180.4
4096, 0.6, 16, 4379.8, 4411.9
4096, 0.6, 16, 5700.8, 5736.3
4096, 0.6, 16, 5749.5, 5783.7
4096, 0.6, 16, 6713.5, 6757.4
4096, 0.6, 16, 5575.5, 5607.8
4096, 0.6, 16, 7921.8, 7954.8
4096, 0.6, 16, 7700.4, 7731.2
4096, 0.6, 16, 5904.0, 5937.5
4096, 0.6, 16, 4925.1, 4957.4
4096, 0.6, 16, 5747.8, 5782.0
4096, 0.6, 16, 5232.2, 5263.6
4096, 0.6, 16, 6889.8, 6922.8
4096, 0.6, 16, 6360.1, 6395.0
4096, 0.6, 16, 7382.7, 7415.6
4096, 0.6, 16, 7642.4, 7677.2
4096, 0.6, 16, 6063.8, 6096.6
4096, 0.6, 16, 6985.9, 7017.9
7680, 0.6, 16, 13972.7, 14077.3
7680, 0.6, 16, 23532.7, 23631.6
7680, 0.6, 16, 24379.8, 24490.5
7680, 0.6, 16, 18946.6, 19056.8
7680, 0.6, 16, 19812.1, 19919.9
7680, 0.6, 16, 25878.7, 25978.9
7680, 0.6, 16, 26838.6, 26934.7
7680, 0.6, 16, 23178.2, 23290.5
7680, 0.6, 16, 18804.7, 18916.7
7680, 0.6, 16, 18981.2, 19085.3
7680, 0.6, 16, 19967.0, 20102.0
7680, 0.6, 16, 21148.2, 21258.9
7680, 0.6, 16, 14981.6, 15107.9
7680, 0.6, 16, 21229.2, 21326.9
7680, 0.6, 16, 22435.1, 22540.9
7680, 0.6, 16, 18989.6, 19115.6
7680, 0.6, 16, 18434.2, 18531.9
7680, 0.6, 16, 21279.2, 21413.8
7680, 0.6, 16, 17232.6, 17339.2
7680, 0.6, 16, 14827.9, 14932.5
7680, 0.6, 16, 26801.6, 26896.4
7680, 0.6, 16, 25317.6, 25428.2
7680, 0.6, 16, 20890.5, 21017.4
7680, 0.6, 16, 23423.8, 23544.6
7680, 0.6, 16, 27080.5, 27191.3
7680, 0.6, 16, 25443.8, 25549.3
7680, 0.6, 16, 19621.3, 19731.4
7680, 0.6, 16, 20703.2, 20809.9
7680, 0.6, 16, 25157.7, 25266.0
7680, 0.6, 16, 26700.7, 26812.4
10240, 0.6, 16, 49012.3, 49204.8
10240, 0.6, 16, 41751.0, 41933.0
10240, 0.6, 16, 27521.6, 27702.6
10240, 0.6, 16, 42973.0, 43154.6
10240, 0.6, 16, 43094.2, 43279.9
10240, 0.6, 16, 38783.9, 38963.5
10240, 0.6, 16, 39470.5, 39674.9
10240, 0.6, 16, 31240.2, 31420.3
10240, 0.6, 16, 38743.2, 38918.3
10240, 0.6, 16, 27183.3, 27378.5
10240, 0.6, 16, 42048.1, 42239.7
10240, 0.6, 16, 27213.8, 27388.0
10240, 0.6, 16, 48049.4, 48221.2
10240, 0.6, 16, 46536.9, 46705.3
10240, 0.6, 16, 39977.8, 40168.3
10240, 0.6, 16, 37399.3, 37568.9
10240, 0.6, 16, 34508.0, 34683.2
10240, 0.6, 16, 45452.3, 45646.7
10240, 0.6, 16, 28536.1, 28749.1
10240, 0.6, 16, 47998.5, 48190.5
10240, 0.6, 16, 36918.5, 37087.9
10240, 0.6, 16, 29404.3, 29594.7
10240, 0.6, 16, 33017.4, 33185.5
10240, 0.6, 16, 29821.6, 30010.4
10240, 0.6, 16, 39305.8, 39498.1
10240, 0.6, 16, 29418.3, 29609.5
10240, 0.6, 16, 32243.4, 32414.0
10240, 0.6, 16, 29852.7, 30036.0
10240, 0.6, 16, 48437.8, 48608.6
10240, 0.6, 16, 39415.0, 39588.0
12800, 0.6, 16, 55937.2, 56205.8
12800, 0.6, 16, 67398.0, 67658.4
12800, 0.6, 16, 42223.0, 42477.0
12800, 0.6, 16, 60632.2, 60908.1
12800, 0.6, 16, 66315.9, 66611.5
12800, 0.6, 16, 46896.9, 47222.7
12800, 0.6, 16, 45616.2, 45875.0
12800, 0.6, 16, 46865.1, 47120.9
12800, 0.6, 16, 42043.6, 42328.1
12800, 0.6, 16, 66726.1, 67049.2
12800, 0.6, 16, 64380.4, 64669.6
12800, 0.6, 16, 65192.4, 65521.4
12800, 0.6, 16, 65460.8, 65745.4
12800, 0.6, 16, 59030.5, 59315.6
12800, 0.6, 16, 41741.8, 42034.9
12800, 0.6, 16, 41819.6, 42099.2
12800, 0.6, 16, 62086.9, 62371.9
12800, 0.6, 16, 51782.1, 52047.9
12800, 0.6, 16, 68575.4, 68910.9
12800, 0.6, 16, 60673.0, 60930.9
12800, 0.6, 16, 46033.0, 46312.6
12800, 0.6, 16, 53228.2, 53475.7
12800, 0.6, 16, 65196.7, 65479.9
12800, 0.6, 16, 39756.6, 40042.2
12800, 0.6, 16, 42815.2, 43066.9
12800, 0.6, 16, 53008.3, 53293.7
12800, 0.6, 16, 57964.8, 58243.8
12800, 0.6, 16, 43701.0, 43987.6
1024, 1.1, 2, 497.8, 508.7
1024, 1.1, 2, 751.7, 758.2
1024, 1.1, 2, 668.8, 673.7
1024, 1.1, 2, 610.3, 614.9
1024, 1.1, 2, 530.0, 534.8
1024, 1.1, 2, 706.7, 711.7
1024, 1.1, 2, 617.5, 622.5
1024, 1.1, 2, 604.0, 608.6
1024, 1.1, 2, 436.9, 441.0
1024, 1.1, 2, 540.5, 545.4
1024, 1.1, 2, 553.3, 559.2
1024, 1.1, 2, 466.0, 471.4
1024, 1.1, 2, 595.5, 602.2
1024, 1.1, 2, 542.1, 546.9
1024, 1.1, 2, 447.8, 452.9
1024, 1.1, 2, 600.6, 605.2
1024, 1.1, 2, 514.0, 518.6
1024, 1.1, 2, 570.7, 575.8
1024, 1.1, 2, 587.7, 591.9
1024, 1.1, 2, 533.6, 538.6
1024, 1.1, 2, 551.0, 556.5
1024, 1.1, 2, 527.6, 532.7
1024, 1.1, 2, 494.1, 499.4
1024, 1.1, 2, 594.1, 598.6
1024, 1.1, 2, 460.5, 464.8
1024, 1.1, 2, 529.0, 533.9
1024, 1.1, 2, 541.9, 546.7
1024, 1.1, 2, 587.3, 592.3
1024, 1.1, 2, 579.4, 584.2
1024, 1.1, 2, 669.3, 673.7
2048, 1.1, 2, 2433.6, 2447.6
2048, 1.1, 2, 2129.1, 2142.4
2048, 1.1, 2, 1906.6, 1920.5
2048, 1.1, 2, 2261.5, 2276.4
2048, 1.1, 2, 2389.3, 2403.5
2048, 1.1, 2, 2308.2, 2321.7
2048, 1.1, 2, 2359.3, 2373.8
2048, 1.1, 2, 2428.6, 2443.7
2048, 1.1, 2, 2674.9, 2690.6
2048, 1.1, 2, 2493.0, 2506.5
2048, 1.1, 2, 2766.0, 2780.1
2048, 1.1, 2, 2407.9, 2421.4
2048, 1.1, 2, 2388.5, 2401.4
2048, 1.1, 2, 2936.9, 2950.6
2048, 1.1, 2, 2035.1, 2049.3
2048, 1.1, 2, 2185.6, 2199.8
2048, 1.1, 2, 1982.4, 1997.9
2048, 1.1, 2, 2322.5, 2337.0
2048, 1.1, 2, 2419.6, 2432.5
2048, 1.1, 2, 2288.9, 2304.0
2048, 1.1, 2, 2165.4, 2178.4
2048, 1.1, 2, 2628.0, 2642.6
2048, 1.1, 2, 2238.7, 2251.3
2048, 1.1, 2, 2478.0, 2491.0
2048, 1.1, 2, 2368.7, 2382.1
2048, 1.1, 2, 2847.9, 2862.4
2048, 1.1, 2, 2554.2, 2570.5
2048, 1.1, 2, 2468.5, 2483.1
2048, 1.1, 2, 1889.4, 1903.6
2048, 1.1, 2, 1814.0, 1827.4
4096, 1.1, 2, 10785.2, 10816.8
4096, 1.1, 2, 9592.7, 9628.6
4096, 1.1, 2, 9804.2, 9837.9
4096, 1.1, 2, 10774.1, 10808.9
4096, 1.1, 2, 10364.8, 10396.9
4096, 1.1, 2, 10109.6, 10146.2
4096, 1.1, 2, 9643.5, 9677.0
4096, 1.1, 2, 10155.3, 10185.8
4096, 1.1, 2, 10837.6, 10872.0
4096, 1.1, 2, 9550.2, 9582.7
4096, 1.1, 2, 9337.5, 9369.0
4096, 1.1, 2, 9476.8, 9511.8
4096, 1.1, 2, 10149.2, 10186.9
4096, 1.1, 2, 10413.1, 10446.2
4096, 1.1, 2, 9017.3, 9047.6
4096, 1.1, 2, 10230.7, 10265.5
4096, 1.1, 2, 9857.8, 9888.7
4096, 1.1, 2, 8798.1, 8832.4
4096, 1.1, 2, 11462.3, 11499.7
4096, 1.1, 2, 10497.4, 10527.6
4096, 1.1, 2, 8879.2, 8913.2
4096, 1.1, 2, 10762.0, 10795.2
4096, 1.1, 2, 9194.2, 9229.3
4096, 1.1, 2, 8773.6, 8810.6
4096, 1.1, 2, 10031.9, 10061.8
4096, 1.1, 2, 10749.1, 10787.2
4096, 1.1, 2, 9081.7, 9119.5
4096, 1.1, 2, 8963.5, 9000.4
4096, 1.1, 2, 10255.4, 10289.8
4096, 1.1, 2, 8977.9, 9012.7
7680, 1.1, 2, 35110.4, 35226.4
7680, 1.1, 2, 34236.4, 34347.1
7680, 1.1, 2, 36590.6, 36695.2
7680, 1.1, 2, 35337.2, 35450.4
7680, 1.1, 2, 37516.5, 37635.2
7680, 1.1, 2, 33623.8, 33735.2
7680, 1.1, 2, 30610.9, 30709.4
7680, 1.1, 2, 32378.6, 32475.4
7680, 1.1, 2, 35207.6, 35318.4
7680, 1.1, 2, 30866.6, 30974.8
7680, 1.1, 2, 34609.3, 34706.0
7680, 1.1, 2, 34023.8, 34134.8
7680, 1.1, 2, 32836.9, 32956.3
7680, 1.1, 2, 35978.0, 36088.1
7680, 1.1, 2, 37048.6, 37147.0
7680, 1.1, 2, 30907.7, 31021.7
7680, 1.1, 2, 35709.8, 35809.7
7680, 1.1, 2, 36596.1, 36720.9
7680, 1.1, 2, 33497.2, 33594.7
7680, 1.1, 2, 32077.3, 32177.4
7680, 1.1, 2, 35646.7, 35756.7
7680, 1.1, 2, 33587.3, 33684.4
7680, 1.1, 2, 29856.7, 29954.2
7680, 1.1, 2, 35220.2, 35316.6
7680, 1.1, 2, 36326.2, 36420.6
7680, 1.1, 2, 35139.3, 35244.0
7680, 1.1, 2, 36492.2, 36600.7
7680, 1.1, 2, 30836.8, 30932.8
7680, 1.1, 2, 35967.4, 36077.5
7680, 1.1, 2, 31739.3, 31839.3
10240, 1.1, 2, 58521.3, 58691.4
10240, 1.1, 2, 57891.0, 58095.0
10240, 1.1, 2, 53141.6, 53329.0
10240, 1.1, 2, 55108.3, 55282.9
10240, 1.1, 2, 61397.7, 61586.0
10240, 1.1, 2, 55401.7, 55571.3
10240, 1.1, 2, 59102.1, 59288.4
10240, 1.1, 2, 59260.6, 59443.1
10240, 1.1, 2, 54347.3, 54533.4
10240, 1.1, 2, 61062.2, 61253.9
10240, 1.1, 2, 62547.5, 62731.1
10240, 1.1, 2, 72436.6, 72610.9
10240, 1.1, 2, 52187.2, 52372.9
10240, 1.1, 2, 60387.2, 60602.6
10240, 1.1, 2, 61767.6, 61983.8
10240, 1.1, 2, 55760.3, 55945.6
10240, 1.1, 2, 55731.0, 55927.3
10240, 1.1, 2, 53675.8, 53877.0
10240, 1.1, 2, 53259.2, 53437.1
10240, 1.1, 2, 57452.3, 57624.5
10240, 1.1, 2, 64268.7, 64436.3
10240, 1.1, 2, 63250.3, 63445.4
10240, 1.1, 2, 70671.8, 70836.2
10240, 1.1, 2, 60057.9, 60227.0
10240, 1.1, 2, 61188.8, 61362.7
10240, 1.1, 2, 63726.5, 63914.7
10240, 1.1, 2, 68259.3, 68470.4
10240, 1.1, 2, 54496.9, 54658.1
10240, 1.1, 2, 57813.1, 57980.5
10240, 1.1, 2, 61376.4, 61563.9
12800, 1.1, 2, 86114.1, 86426.2
12800, 1.1, 2, 82516.0, 82767.3
12800, 1.1, 2, 83702.3, 83976.3
12800, 1.1, 2, 93037.9, 93315.2
12800, 1.1, 2, 86716.7, 86960.8
12800, 1.1, 2, 96496.6, 96741.4
12800, 1.1, 2, 89395.6, 89650.5
12800, 1.1, 2, 92459.5, 92716.5
12800, 1.1, 2, 94042.7, 94335.9
12800, 1.1, 2, 85998.6, 86252.2
12800, 1.1, 2, 95083.5, 95334.1
12800, 1.1, 2, 101102.7, 101360.2
12800, 1.1, 2, 80703.4, 80948.2
12800, 1.1, 2, 83561.2, 83860.5
12800, 1.1, 2, 93422.1, 93674.0
12800, 1.1, 2, 97882.8, 98133.8
12800, 1.1, 2, 104023.0, 104291.3
12800, 1.1, 2, 89258.1, 89511.4
12800, 1.1, 2, 89357.2, 89611.0
12800, 1.1, 2, 93242.8, 93494.8
12800, 1.1, 2, 95069.8, 95320.2
12800, 1.1, 2, 99106.9, 99356.7
12800, 1.1, 2, 94458.3, 94707.3
12800, 1.1, 2, 98508.8, 98801.4
12800, 1.1, 2, 101836.5, 102092.6
12800, 1.1, 2, 82248.2, 82545.4
12800, 1.1, 2, 97417.7, 97670.3
12800, 1.1, 2, 88533.1, 88780.2
12800, 1.1, 2, 92437.3, 92684.2
12800, 1.1, 2, 97562.8, 97859.5
1024, 1.1, 4, 527.7, 537.5
1024, 1.1, 4, 673.9, 679.6
1024, 1.1, 4, 468.2, 473.6
1024, 1.1, 4, 428.5, 433.4
1024, 1.1, 4, 590.2, 595.8
1024, 1.1, 4, 556.3, 563.1
1024, 1.1, 4, 525.4, 530.9
1024, 1.1, 4, 607.7, 613.7
1024, 1.1, 4, 558.7, 565.1
1024, 1.1, 4, 546.9, 552.1
1024, 1.1, 4, 515.3, 521.2
1024, 1.1, 4, 615.2, 620.8
1024, 1.1, 4, 400.6, 406.0
1024, 1.1, 4, 515.4, 520.8
1024, 1.1, 4, 592.1, 598.0
1024, 1.1, 4, 349.0, 355.3
1024, 1.1, 4, 601.3, 606.8
1024, 1.1, 4, 489.1, 494.9
1024, 1.1, 4, 426.0, 431.1
1024, 1.1, 4, 430.6, 435.3
1024, 1.1, 4, 414.2, 420.5
1024, 1.1, 4, 672.9, 678.6
1024, 1.1, 4, 573.0, 578.1
1024, 1.1, 4, 410.3, 415.6
1024, 1.1, 4, 506.9, 512.7
1024, 1.1, 4, 581.6, 587.7
1024, 1.1, 4, 586.1, 591.6
1024, 1.1, 4, 438.3, 443.9
1024, 1.1, 4, 465.3, 471.0
1024, 1.1, 4, 594.5, 600.3
2048, 1.1, 4, 1537.5, 1552.7
2048, 1.1, 4, 1848.8, 1865.3
2048, 1.1, 4, 1902.3, 1918.8
2048, 1.1, 4, 1896.4, 1911.6
2048, 1.1, 4, 1615.0, 1629.0
2048, 1.1, 4, 1930.8, 1946.9
2048, 1.1, 4, 2200.1, 2216.2
2048, 1.1, 4, 2059.0, 2074.4
2048, 1.1, 4, 1784.9, 1798.9
2048, 1.1, 4, 1572.2, 1586.6
2048, 1.1, 4, 1719.8, 1734.5
2048, 1.1, 4, 2028.9, 2047.0
2048, 1.1, 4, 1946.4, 1960.2
2048, 1.1, 4, 1748.6, 1765.6
2048, 1.1, 4, 1802.6, 1818.6
2048, 1.1, 4, 1562.3, 1578.0
2048, 1.1, 4, 2146.4, 2160.7
2048, 1.1, 4, 2324.5, 2339.0
2048, 1.1, 4, 2223.5, 2236.3
2048, 1.1, 4, 2110.6, 2126.3
2048, 1.1, 4, 1739.6, 1753.6
2048, 1.1, 4, 2117.8, 2132.7
2048, 1.1, 4, 1689.4, 1707.2
2048, 1.1, 4, 1935.2, 1952.0
2048, 1.1, 4, 2023.2, 2037.6
2048, 1.1, 4, 1639.1, 1655.1
2048, 1.1, 4, 2372.3, 2386.3
2048, 1.1, 4, 2126.3, 2141.9
2048, 1.1, 4, 1902.7, 1916.7
2048, 1.1, 4, 2114.7, 2128.9
4096, 1.1, 4, 8789.3, 8823.8
4096, 1.1, 4, 7490.8, 7530.4
4096, 1.1, 4, 8017.8, 8055.2
4096, 1.1, 4, 8404.2, 8451.9
4096, 1.1, 4, 7982.6, 8019.6
4096, 1.1, 4, 7080.6, 7112.7
4096, 1.1, 4, 9020.5, 9057.6
4096, 1.1, 4, 8657.0, 8703.5
4096, 1.1, 4, 8414.1, 8451.1
4096, 1.1, 4, 9236.4, 9266.6
4096, 1.1, 4, 9988.1, 10023.0
4096, 1.1, 4, 8226.9, 8269.0
4096, 1.1, 4, 8783.4, 8813.0
4096, 1.1, 4, 9393.2, 9435.6
4096, 1.1, 4, 8915.9, 8950.6
4096, 1.1, 4, 8955.5, 8993.5
4096, 1.1, 4, 9949.7, 9987.5
4096, 1.1, 4, 9211.6, 9249.4
4096, 1.1, 4, 7641.2, 7674.1
4096, 1.1, 4, 10215.9, 10259.2
4096, 1.1, 4, 9919.4, 9958.2
4096, 1.1, 4, 7540.0, 7577.7
4096, 1.1, 4, 9966.8, 10004.1
4096, 1.1, 4, 8321.4, 8363.4
4096, 1.1, 4, 7358.4, 7395.6
4096, 1.1, 4, 9611.5, 9649.6
4096, 1.1, 4, 8605.9, 8639.0
4096, 1.1, 4, 7695.4, 7735.3
4096, 1.1, 4, 6784.8, 6821.4
4096, 1.1, 4, 9354.2, 9387.8
7680, 1.1, 4, 25829.9, 25953.3
7680, 1.1, 4, 26744.7, 26865.3
7680, 1.1, 4, 26955.5, 27059.9
7680, 1.1, 4, 27721.2, 27820.6
7680, 1.1, 4, 34736.0, 34844.0
7680, 1.1, 4, 39802.6, 39930.1
7680, 1.1, 4, 30237.5, 30345.5
7680, 1.1, 4, 28482.2, 28605.1
7680, 1.1, 4, 33356.7, 33476.2
7680, 1.1, 4, 28254.5, 28380.9
7680, 1.1, 4, 30645.6, 30764.7
7680, 1.1, 4, 31345.3, 31452.0
7680, 1.1, 4, 29247.8, 29354.5
7680, 1.1, 4, 32697.5, 32827.1
7680, 1.1, 4, 31834.0, 31954.1
7680, 1.1, 4, 33302.0, 33424.3
7680, 1.1, 4, 23792.7, 23913.8
7680, 1.1, 4, 25634.1, 25744.3
7680, 1.1, 4, 25901.1, 26018.2
7680, 1.1, 4, 31395.2, 31505.6
7680, 1.1, 4, 26394.7, 26503.7
7680, 1.1, 4, 30524.0, 30632.4
7680, 1.1, 4, 32251.6, 32354.4
7680, 1.1, 4, 31427.8, 31539.1
7680, 1.1, 4, 27437.5, 27557.9
7680, 1.1, 4, 31865.1, 31990.3
7680, 1.1, 4, 25929.2, 26054.3
7680, 1.1, 4, 28731.8, 28853.5
7680, 1.1, 4, 30189.1, 30308.7
7680, 1.1, 4, 26164.8, 26290.7
10240, 1.1, 4, 57415.3, 57625.1
10240, 1.1, 4, 54521.7, 54730.8
10240, 1.1, 4, 48529.6, 48737.4
10240, 1.1, 4, 64631.6, 64822.5
10240, 1.1, 4, 57371.3, 57559.8
10240, 1.1, 4, 56158.9, 56339.7
10240, 1.1, 4, 57511.2, 57699.4
10240, 1.1, 4, 59735.1, 59956.1
10240, 1.1, 4, 48610.1, 48820.3
10240, 1.1, 4, 58473.7, 58686.8
10240, 1.1, 4, 42752.4, 42941.2
10240, 1.1, 4, 47170.8, 47350.0
10240, 1.1, 4, 53750.2, 53934.2
10240, 1.1, 4, 53836.3, 54027.3
10240, 1.1, 4, 64304.8, 64490.4
10240, 1.1, 4, 54886.1, 55099.1
10240, 1.1, 4, 49936.9, 50146.2
10240, 1.1, 4, 55433.0, 55651.3
10240, 1.1, 4, 60722.9, 60930.1
10240, 1.1, 4, 45343.2, 45535.1
10240, 1.1, 4, 55614.7, 55823.9
10240, 1.1, 4, 46644.8, 46858.3
10240, 1.1, 4, 61197.7, 61405.0
10240, 1.1, 4, 64775.6, 64956.8
10240, 1.1, 4, 52223.0, 52409.5
10240, 1.1, 4, 50663.8, 50848.0
10240, 1.1, 4, 61362.8, 61555.1
10240, 1.1, 4, 61270.8, 61461.6
10240, 1.1, 4, 46860.8, 47073.3
10240, 1.1, 4, 56574.6, 56784.2
12800, 1.1, 4, 100487.8, 100776.4
12800, 1.1, 4, 85973.3, 86265.9
12800, 1.1, 4, 86114.8, 86435.9
12800, 1.1, 4, 83838.6, 84121.9
12800, 1.1, 4, 90203.4, 90497.1
12800, 1.1, 4, 71271.7, 71599.4
12800, 1.1, 4, 87817.7, 88138.6
12800, 1.1, 4, 83134.7, 83438.3
12800, 1.1, 4, 73403.5, 73678.3
12800, 1.1, 4, 69232.9, 69543.4
12800, 1.1, 4, 76391.0, 76708.7
12800, 1.1, 4, 76362.5, 76658.5
12800, 1.1, 4, 84484.2, 84773.9
12800, 1.1, 4, 95368.1, 95633.4
12800, 1.1, 4, 82841.9, 83137.6
12800, 1.1, 4, 71439.9, 71701.4
12800, 1.1, 4, 73136.4, 73436.4
12800, 1.1, 4, 93248.1, 93542.5
12800, 1.1, 4, 87126.4, 87406.6
12800, 1.1, 4, 83758.9, 84068.1
12800, 1.1, 4, 99731.9, 100006.1
12800, 1.1, 4, 86774.9, 87027.2
12800, 1.1, 4, 73380.2, 73708.5
12800, 1.1, 4, 88156.2, 88450.1
12800, 1.1, 4, 92523.3, 92846.0
12800, 1.1, 4, 72588.2, 72918.1
12800, 1.1, 4, 89192.6, 89476.9
12800, 1.1, 4, 91091.1, 91390.9
12800, 1.1, 4, 83821.4, 84146.1
12800, 1.1, 4, 93484.5, 93814.6
1024, 1.1, 8, 488.5, 494.7
1024, 1.1, 8, 515.9, 521.8
1024, 1.1, 8, 491.6, 498.7
1024, 1.1, 8, 533.8, 538.9
1024, 1.1, 8, 440.0, 445.9
1024, 1.1, 8, 388.2, 393.3
1024, 1.1, 8, 411.0, 417.1
1024, 1.1, 8, 508.6, 514.5
1024, 1.1, 8, 419.4, 425.5
1024, 1.1, 8, 517.4, 523.5
1024, 1.1, 8, 519.1, 526.4
1024, 1.1, 8, 496.4, 502.5
1024, 1.1, 8, 428.3, 434.2
1024, 1.1, 8, 421.0, 426.4
1024, 1.1, 8, 433.2, 439.0
1024, 1.1, 8, 376.1, 382.2
1024, 1.1, 8, 370.9, 376.4
1024, 1.1, 8, 397.7, 402.7
1024, 1.1, 8, 488.8, 495.0
1024, 1.1, 8, 337.4, 342.9
1024, 1.1, 8, 459.4, 464.9
1024, 1.1, 8, 335.0, 341.2
1024, 1.1, 8, 361.0, 366.2
1024, 1.1, 8, 498.9, 505.1
1024, 1.1, 8, 409.7, 416.1
1024, 1.1, 8, 320.1, 325.2
1024, 1.1, 8, 324.5, 329.5
1024, 1.1, 8, 463.7, 469.7
1024, 1.1, 8, 403.1, 408.6
1024, 1.1, 8, 391.5, 398.1
2048, 1.1, 8, 1717.9, 1733.9
2048, 1.1, 8, 1821.4, 1837.7
2048, 1.1, 8, 1318.4, 1333.2
2048, 1.1, 8, 1641.7, 1655.5
2048, 1.1, 8, 1522.9, 1539.7
2048, 1.1, 8, 1821.1, 1837.6
2048, 1.1, 8, 1560.2, 1577.3
2048, 1.1, 8, 1929.2, 1944.4
2048, 1.1, 8, 1977.2, 1994.8
2048, 1.1, 8, 2113.6, 2127.8
2048, 1.1, 8, 1497.1, 1514.6
2048, 1.1, 8, 1613.6, 1629.2
2048, 1.1, 8, 1511.1, 1527.5
2048, 1.1, 8, 1783.4, 1798.5
2048, 1.1, 8, 1535.7, 1558.6
2048, 1.1, 8, 1897.7, 1914.4
2048, 1.1, 8, 1824.2, 1841.4
2048, 1.1, 8, 1525.8, 1540.5
2048, 1.1, 8, 1456.2, 1473.3
2048, 1.1, 8, 1934.9, 1951.0
2048, 1.1, 8, 1764.0, 1779.9
2048, 1.1, 8, 1801.7, 1817.0
2048, 1.1, 8, 1608.3, 1625.5
2048, 1.1, 8, 1778.3, 1793.4
2048, 1.1, 8, 1762.5, 1779.1
2048, 1.1, 8, 2227.5, 2242.0
2048, 1.1, 8, 1728.2, 1744.7
2048, 1.1, 8, 1469.5, 1483.5
2048, 1.1, 8, 1421.1, 1436.9
2048, 1.1, 8, 1682.1, 1696.5
4096, 1.1, 8, 6140.2, 6173.7
4096, 1.1, 8, 7994.5, 8026.6
4096, 1.1, 8, 8157.0, 8190.4
4096, 1.1, 8, 9935.9, 9969.2
4096, 1.1, 8, 8230.1, 8269.4
4096, 1.1, 8, 7977.1, 8014.8
4096, 1.1, 8, 7923.3, 7966.9
4096, 1.1, 8, 6142.2, 6182.1
4096, 1.1, 8, 7999.4, 8043.8
4096, 1.1, 8, 8586.6, 8620.0
4096, 1.1, 8, 8332.1, 8366.6
4096, 1.1, 8, 5886.0, 5920.4
4096, 1.1, 8, 7648.5, 7682.4
4096, 1.1, 8, 8046.5, 8080.7
4096, 1.1, 8, 7000.8, 7043.6
4096, 1.1, 8, 5873.5, 5902.7
4096, 1.1, 8, 7697.0, 7736.0
4096, 1.1, 8, 7914.3, 7951.1
4096, 1.1, 8, 8036.9, 8070.3
4096, 1.1, 8, 8255.1, 8285.5
4096, 1.1, 8, 7800.4, 7836.1
4096, 1.1, 8, 7654.0, 7683.2
4096, 1.1, 8, 8390.8, 8421.1
4096, 1.1, 8, 6917.8, 6951.7
4096, 1.1, 8, 5554.4, 5587.2
4096, 1.1, 8, 7157.9, 7187.4
4096, 1.1, 8, 8793.8, 8827.8
4096, 1.1, 8, 6541.0, 6570.8
4096, 1.1, 8, 7440.8, 7474.1
4096, 1.1, 8, 7256.4, 7290.0
7680, 1.1, 8, 26873.9, 27006.0
7680, 1.1, 8, 29655.7, 29765.9
7680, 1.1, 8, 23072.8, 23183.2
7680, 1.1, 8, 24222.5, 24318.1
7680, 1.1, 8, 24289.2, 24399.9
7680, 1.1, 8, 28394.1, 28505.2
7680, 1.1, 8, 26609.4, 26720.0
7680, 1.1, 8, 31465.6, 31581.3
7680, 1.1, 8, 28688.4, 28787.0
7680, 1.1, 8, 23837.6, 23958.2
7680, 1.1, 8, 23397.9, 23507.4
7680, 1.1, 8, 22720.8, 22842.6
7680, 1.1, 8, 29059.7, 29181.8
7680, 1.1, 8, 26053.4, 26176.1
7680, 1.1, 8, 24803.3, 24914.2
7680, 1.1, 8, 20968.9, 21077.5
7680, 1.1, 8, 29475.1, 29593.7
7680, 1.1, 8, 30746.3, 30866.6
7680, 1.1, 8, 28561.8, 28678.3
7680, 1.1, 8, 30861.8, 30975.6
7680, 1.1, 8, 22203.3, 22310.1
7680, 1.1, 8, 28584.6, 28694.0
7680, 1.1, 8, 29676.5, 29797.8
7680, 1.1, 8, 29257.0, 29362.9
7680, 1.1, 8, 20835.5, 20944.5
7680, 1.1, 8, 22793.6, 22901.4
7680, 1.1, 8, 24371.8, 24481.5
7680, 1.1, 8, 25155.2, 25260.5
7680, 1.1, 8, 25441.8, 25564.9
7680, 1.1, 8, 26658.7, 26775.3
10240, 1.1, 8, 45838.2, 46049.7
10240, 1.1, 8, 36661.6, 36850.5
10240, 1.1, 8, 52541.9, 52736.6
10240, 1.1, 8, 51678.2, 51887.6
10240, 1.1, 8, 48884.4, 49092.2
10240, 1.1, 8, 47468.4, 47632.0
10240, 1.1, 8, 37750.8, 37954.0
10240, 1.1, 8, 55718.5, 55907.9
10240, 1.1, 8, 47205.6, 47389.8
10240, 1.1, 8, 36760.3, 36967.5
10240, 1.1, 8, 48969.2, 49154.0
10240, 1.1, 8, 56818.8, 57001.8
10240, 1.1, 8, 50632.8, 50852.7
10240, 1.1, 8, 38295.7, 38484.6
10240, 1.1, 8, 49470.9, 49655.5
10240, 1.1, 8, 39038.2, 39219.5
10240, 1.1, 8, 51329.4, 51515.2
10240, 1.1, 8, 42729.9, 42912.7
10240, 1.1, 8, 48350.0, 48541.7
10240, 1.1, 8, 36546.1, 36736.6
10240, 1.1, 8, 42790.6, 42981.9
10240, 1.1, 8, 49174.9, 49364.2
10240, 1.1, 8, 39375.8, 39556.1
10240, 1.1, 8, 38603.9, 38783.4
10240, 1.1, 8, 51861.8, 52055.1
10240, 1.1, 8, 54258.1, 54466.0
10240, 1.1, 8, 37784.5, 37996.3
10240, 1.1, 8, 47084.5, 47277.6
10240, 1.1, 8, 49631.0, 49822.5
10240, 1.1, 8, 53609.9, 53799.0
12800, 1.1, 8, 79483.2, 79821.8
12800, 1.1, 8, 73806.3, 74112.5
12800, 1.1, 8, 77831.8, 78153.8
12800, 1.1, 8, 71199.2, 71501.6
12800, 1.1, 8, 77320.1, 77644.8
12800, 1.1, 8, 91569.5, 91877.8
12800, 1.1, 8, 76663.7, 76924.7
12800, 1.1, 8, 74298.1, 74601.5
12800, 1.1, 8, 64726.0, 65050.9
12800, 1.1, 8, 62826.9, 63131.4
12800, 1.1, 8, 68150.5, 68449.6
12800, 1.1, 8, 99720.6, 100023.6
12800, 1.1, 8, 67048.8, 67371.1
12800, 1.1, 8, 66243.9, 66547.8
12800, 1.1, 8, 69580.0, 69909.4
12800, 1.1, 8, 90099.6, 90396.4
12800, 1.1, 8, 82723.3, 83041.4
12800, 1.1, 8, 53636.4, 53883.2
12800, 1.1, 8, 72762.8, 73034.6
12800, 1.1, 8, 66539.0, 66820.7
12800, 1.1, 8, 63170.0, 63448.6
12800, 1.1, 8, 76242.6, 76541.1
12800, 1.1, 8, 80762.1, 81029.1
12800, 1.1, 8, 57128.9, 57447.7
12800, 1.1, 8, 82232.9, 82531.6
12800, 1.1, 8, 83451.4, 83747.9
12800, 1.1, 8, 65391.9, 65689.8
12800, 1.1, 8, 99919.7, 100245.9
12800, 1.1, 8, 60172.1, 60473.5
12800, 1.1, 8, 81329.7, 81650.3
1024, 1.1, 16, 437.1, 446.5
1024, 1.1, 16, 436.1, 441.5
1024, 1.1, 16, 432.8, 438.7
1024, 1.1, 16, 336.3, 341.6
1024, 1.1, 16, 451.3, 456.8
1024, 1.1, 16, 380.7, 386.5
1024, 1.1, 16, 373.8, 379.9
1024, 1.1, 16, 297.2, 302.8
1024, 1.1, 16, 435.2, 440.7
1024, 1.1, 16, 454.9, 461.3
1024, 1.1, 16, 441.5, 448.0
1024, 1.1, 16, 327.0, 334.2
1024, 1.1, 16, 511.9, 517.8
1024, 1.1, 16, 458.3, 463.7
1024, 1.1, 16, 428.4, 433.6
1024, 1.1, 16, 387.1, 393.0
1024, 1.1, 16, 375.8, 381.7
1024, 1.1, 16, 463.2, 468.7
1024, 1.1, 16, 430.9, 436.2
1024, 1.1, 16, 330.7, 336.7
1024, 1.1, 16, 290.1, 295.6
1024, 1.1, 16, 302.2, 307.9
1024, 1.1, 16, 569.6, 575.7
1024, 1.1, 16, 466.5, 472.7
1024, 1.1, 16, 402.0, 408.2
1024, 1.1, 16, 478.4, 483.8
1024, 1.1, 16, 420.6, 428.2
1024, 1.1, 16, 510.9, 516.2
1024, 1.1, 16, 383.4, 389.0
1024, 1.1, 16, 418.2, 425.3
2048, 1.1, 16, 1992.1, 2007.8
2048, 1.1, 16, 1870.1, 1885.7
2048, 1.1, 16, 1368.3, 1383.9
2048, 1.1, 16, 1871.3, 1886.4
2048, 1.1, 16, 1792.7, 1808.7
2048, 1.1, 16, 1997.5, 2014.2
2048, 1.1, 16, 1481.5, 1498.0
2048, 1.1, 16, 1670.7, 1686.5
2048, 1.1, 16, 1608.2, 1625.2
2048, 1.1, 16, 1456.2, 1471.2
2048, 1.1, 16, 1687.2, 1703.7
2048, 1.1, 16, 1621.2, 1641.2
2048, 1.1, 16, 1306.3, 1323.2
2048, 1.1, 16, 1777.6, 1792.3
2048, 1.1, 16, 1430.6, 1445.7
2048, 1.1, 16, 1668.2, 1684.4
2048, 1.1, 16, 1629.8, 1645.3
2048, 1.1, 16, 1429.1, 1444.5
2048, 1.1, 16, 1660.5, 1676.1
2048, 1.1, 16, 1267.3, 1283.6
2048, 1.1, 16, 1697.1, 1712.7
2048, 1.1, 16, 1462.9, 1477.4
2048, 1.1, 16, 1311.4, 1329.8
2048, 1.1, 16, 1277.1, 1293.3
2048, 1.1, 16, 1933.2, 1949.0
2048, 1.1, 16, 1991.7, 2007.2
2048, 1.1, 16, 1926.7, 1941.8
2048, 1.1, 16, 1785.4, 1800.4
2048, 1.1, 16, 2026.7, 2042.2
2048, 1.1, 16, 1567.9, 1582.5
4096, 1.1, 16, 5767.3, 5801.5
4096, 1.1, 16, 5709.6, 5741.7
4096, 1.1, 16, 4758.2, 4797.6
4096, 1.1, 16, 5530.7, 5566.2
4096, 1.1, 16, 6923.4, 6957.0
4096, 1.1, 16, 7018.3, 7051.5
4096, 1.1, 16, 6516.6, 6564.0
4096, 1.1, 16, 8446.4, 8478.9
4096, 1.1, 16, 6592.0, 6625.8
4096, 1.1, 16, 5540.6, 5571.6
4096, 1.1, 16, 5463.2, 5493.8
4096, 1.1, 16, 6559.5, 6594.3
4096, 1.1, 16, 7175.1, 7207.4
4096, 1.1, 16, 7247.1, 7281.6
4096, 1.1, 16, 4732.2, 4767.9
4096, 1.1, 16, 5476.4, 5509.9
4096, 1.1, 16, 5680.9, 5714.2
4096, 1.1, 16, 8153.9, 8189.4
4096, 1.1, 16, 6277.0, 6311.8
4096, 1.1, 16, 7323.7, 7365.2
4096, 1.1, 16, 7077.8, 7109.6
4096, 1.1, 16, 6381.6, 6414.5
4096, 1.1, 16, 4799.2, 4833.0
4096, 1.1, 16, 6561.4, 6592.3
4096, 1.1, 16, 5458.8, 5494.4
4096, 1.1, 16, 6139.9, 6174.7
4096, 1.1, 16, 6950.2, 6980.7
4096, 1.1, 16, 7024.1, 7053.8
4096, 1.1, 16, 6094.0, 6129.9
4096, 1.1, 16, 7439.8, 7471.0
7680, 1.1, 16, 27512.9, 27607.8
7680, 1.1, 16, 26707.7, 26803.3
7680, 1.1, 16, 19095.7, 19203.4
7680, 1.1, 16, 24640.8, 24748.8
7680, 1.1, 16, 25321.9, 25419.8
7680, 1.1, 16, 17183.3, 17313.4
7680, 1.1, 16, 28908.0, 29009.3
7680, 1.1, 16, 26730.6, 26845.5
7680, 1.1, 16, 22598.4, 22693.4
7680, 1.1, 16, 26512.1, 26640.6
7680, 1.1, 16, 26456.1, 26566.4
7680, 1.1, 16, 32491.1, 32596.0
7680, 1.1, 16, 25312.7, 25430.9
7680, 1.1, 16, 21931.1, 22027.0
7680, 1.1, 16, 21217.0, 21321.9
7680, 1.1, 16, 25138.6, 25235.1
7680, 1.1, 16, 31415.6, 31526.7
7680, 1.1, 16, 19719.1, 19813.3
7680, 1.1, 16, 18131.3, 18241.6
7680, 1.1, 16, 26500.9, 26628.6
7680, 1.1, 16, 24248.6, 24358.3
7680, 1.1, 16, 26639.3, 26767.8
7680, 1.1, 16, 29156.7, 29263.0
7680, 1.1, 16, 26490.9, 26597.9
7680, 1.1, 16, 19161.2, 19265.9
7680, 1.1, 16, 17966.1, 18060.7
7680, 1.1, 16, 27092.7, 27203.4
7680, 1.1, 16, 27714.0, 27845.6
7680, 1.1, 16, 22028.2, 22121.2
7680, 1.1, 16, 23734.3, 23868.1
10240, 1.1, 16, 45554.9, 45744.4
10240, 1.1, 16, 50615.5, 50824.6
10240, 1.1, 16, 39817.1, 40006.9
10240, 1.1, 16, 44509.3, 44721.5
10240, 1.1, 16, 35534.8, 35720.5
10240, 1.1, 16, 32385.5, 32611.5
10240, 1.1, 16, 40808.5, 41018.6
10240, 1.1, 16, 56696.5, 56907.6
10240, 1.1, 16, 39134.5, 39343.5
10240, 1.1, 16, 48814.9, 48985.1
10240, 1.1, 16, 45695.7, 45891.8
10240, 1.1, 16, 42329.5, 42551.0
10240, 1.1, 16, 44576.3, 44765.2
10240, 1.1, 16, 47502.2, 47682.4
10240, 1.1, 16, 38389.5, 38572.6
10240, 1.1, 16, 45343.9, 45555.1
10240, 1.1, 16, 34640.8, 34848.5
10240, 1.1, 16, 34886.2, 35101.9
10240, 1.1, 16, 33843.7, 34034.4
10240, 1.1, 16, 42934.5, 43113.2
10240, 1.1, 16, 46499.3, 46710.2
10240, 1.1, 16, 33173.3, 33382.9
10240, 1.1, 16, 39853.7, 40055.6
10240, 1.1, 16, 50162.9, 50352.9
10240, 1.1, 16, 34669.5, 34861.7
10240, 1.1, 16, 45777.8, 45987.6
10240, 1.1, 16, 33732.9, 33955.3
10240, 1.1, 16, 45984.8, 46175.3
10240, 1.1, 16, 44963.1, 45139.7
10240, 1.1, 16, 44444.6, 44626.8
12800, 1.1, 16, 60065.3, 60354.9
12800, 1.1, 16, 66041.7, 66334.8
12800, 1.1, 16, 90395.7, 90724.3
12800, 1.1, 16, 49629.9, 49929.6
12800, 1.1, 16, 64458.2, 64752.0
12800, 1.1, 16, 63584.9, 63914.5
12800, 1.1, 16, 60355.4, 60678.5
12800, 1.1, 16, 71933.7, 72229.7
12800, 1.1, 16, 65016.1, 65310.8
12800, 1.1, 16, 66743.2, 67041.2
12800, 1.1, 16, 84664.2, 84958.8
12800, 1.1, 16, 58869.1, 59197.1
12800, 1.1, 16, 61869.0, 62192.4
12800, 1.1, 16, 75725.1, 76047.1
12800, 1.1, 16, 76254.6, 76591.1
12800, 1.1, 16, 76789.3, 77112.1
12800, 1.1, 16, 72973.7, 73232.8
12800, 1.1, 16, 50535.8, 50815.4
12800, 1.1, 16, 62062.7, 62388.6
12800, 1.1, 16, 69893.0, 70182.9
12800, 1.1, 16, 79344.7, 79610.3
12800, 1.1, 16, 57292.7, 57561.1
12800, 1.1, 16, 63342.3, 63634.2
12800, 1.1, 16, 64819.8, 65108.7
12800, 1.1, 16, 63045.5, 63371.1
12800, 1.1, 16, 66017.1, 66320.4
12800, 1.1, 16, 64102.3, 64425.0
12800, 1.1, 16, 79128.9, 79444.8
12800, 1.1, 16, 66881.7, 67183.1
12800, 1.1, 16, 60809.5, 61106.9
